Project,Matching Amount,matching_percent,Strategy,Pct_Diff,Project_Short
Zanzalu,4.076905032735494,2.4485916112525494,POAP Cluster Match,109.05218267674117,Zanzalu
Zanzalu,4.557243743226362,2.737083329265082,POAP Qf,109.05218267674117,Zanzalu
Zanzalu,3.707315474591609,2.226615900655621,POAP Pairwise,109.05218267674117,Zanzalu
Zanzalu,2.430946165977821,1.4600277273140065,Pairwise,109.05218267674117,Zanzalu
Zanzalu,4.3879801928735835,2.6354235392634138,Cluster Match,109.05218267674117,Zanzalu
Zanzalu,2.1799551121038805,1.3092823496119403,Qf,109.05218267674117,Zanzalu
muBuenos,4.8382828852494235,2.9058756067564104,Cluster Match,87.18977090463024,muBuenos
muBuenos,5.44784815068118,3.271980871279988,POAP Pairwise,87.18977090463024,muBuenos
muBuenos,2.8559728622596308,1.7152990163721504,Qf,87.18977090463024,muBuenos
muBuenos,2.7055717889908033,1.6249680414359178,Pairwise,87.18977090463024,muBuenos
muBuenos,5.346089057962214,3.2108642990764045,POAP Qf,87.18977090463024,muBuenos
muBuenos,9.066144661585179,5.445131928879987,POAP Cluster Match,87.18977090463024,muBuenos
Blockravers Q1 - Vitalia + Colorado,20.173167755662863,12.116016670067784,POAP Qf,78.88496805608823,Blockravers Q1 ...
Blockravers Q1 - Vitalia + Colorado,10.424354118739481,6.260873344588277,Cluster Match,78.88496805608823,Blockravers Q1 ...
Blockravers Q1 - Vitalia + Colorado,11.277173244281597,6.773077023592551,Qf,78.88496805608823,Blockravers Q1 ...
Blockravers Q1 - Vitalia + Colorado,19.445403111696663,11.678920787805804,POAP Pairwise,78.88496805608823,Blockravers Q1 ...
Blockravers Q1 - Vitalia + Colorado,9.53331779510325,5.7257163934554045,Pairwise,78.88496805608823,Blockravers Q1 ...
Blockravers Q1 - Vitalia + Colorado,15.566326701262598,9.349145165923483,POAP Cluster Match,78.88496805608823,Blockravers Q1 ...
Funding the Commons,7.337057892722712,4.406641377010638,POAP Pairwise,69.60959308094287,Funding the Commons
Funding the Commons,13.358516665458087,8.02313313240726,POAP Cluster Match,69.60959308094287,Funding the Commons
Funding the Commons,6.095108622471067,3.6607258993820224,Qf,69.60959308094287,Funding the Commons
Funding the Commons,10.36109419442926,6.22287939605361,Cluster Match,69.60959308094287,Funding the Commons
Funding the Commons,6.127916171133799,3.6804301328130924,Pairwise,69.60959308094287,Funding the Commons
Funding the Commons,10.33788893241464,6.208942301750534,POAP Qf,69.60959308094287,Funding the Commons
ZuVillage Georgia 2024,2.885559214709596,1.7330685974231808,POAP Qf,44.921792206646074,ZuVillage Georg...
ZuVillage Georgia 2024,3.7270760686338424,2.238484125305611,POAP Pairwise,44.921792206646074,ZuVillage Georg...
ZuVillage Georgia 2024,4.2292542808892275,2.5400926611947314,Cluster Match,44.921792206646074,ZuVillage Georg...
ZuVillage Georgia 2024,2.802709978046244,1.6833092961238705,Pairwise,44.921792206646074,ZuVillage Georg...
ZuVillage Georgia 2024,8.38190151556796,5.034175084425201,POAP Cluster Match,44.921792206646074,ZuVillage Georg...
ZuVillage Georgia 2024,1.991114773542847,1.1958647288545627,Qf,44.921792206646074,ZuVillage Georg...
Zuzalu Taiwan - A plural pop-up city,2.0879934662139052,1.2540501298582012,Qf,41.05829033498755,Zuzalu Taiwan -...
Zuzalu Taiwan - A plural pop-up city,1.7384214889826273,1.0440969903799562,POAP Pairwise,41.05829033498755,Zuzalu Taiwan -...
Zuzalu Taiwan - A plural pop-up city,4.793800728386024,2.8791595966282424,Cluster Match,41.05829033498755,Zuzalu Taiwan -...
Zuzalu Taiwan - A plural pop-up city,2.00980846035869,1.2070921683835973,Pairwise,41.05829033498755,Zuzalu Taiwan -...
Zuzalu Taiwan - A plural pop-up city,2.9452878857475806,1.76894167312167,POAP Qf,41.05829033498755,Zuzalu Taiwan -...
Zuzalu Taiwan - A plural pop-up city,4.604500466688978,2.765465745759146,POAP Cluster Match,41.05829033498755,Zuzalu Taiwan -...
Edge City ,83.25,50.0,POAP Pairwise,32.08873233353411,Edge City 
Edge City ,30.472516588581552,18.301811764913843,Cluster Match,32.08873233353411,Edge City 
Edge City ,49.38306452837957,29.659498215242984,POAP Cluster Match,32.08873233353411,Edge City 
Edge City ,63.02581494217645,37.85334230761349,Qf,32.08873233353411,Edge City 
Edge City ,31.053883897197526,18.650981319638156,Pairwise,32.08873233353411,Edge City 
Edge City ,83.25,50.0,POAP Qf,32.08873233353411,Edge City 
magma African founder residency,2.4183532083741377,1.4524643894138967,POAP Pairwise,12.717745689201518,magma African f...
magma African founder residency,3.536460418891484,2.1240002515864767,Pairwise,12.717745689201518,magma African f...
magma African founder residency,3.3227743112041392,1.995660246969453,POAP Qf,12.717745689201518,magma African f...
magma African founder residency,6.410237162525233,3.849992289804945,Cluster Match,12.717745689201518,magma African f...
magma African founder residency,5.324231901480576,3.1977368777661117,POAP Cluster Match,12.717745689201518,magma African f...
magma African founder residency,2.947871509394873,1.77049339903596,Qf,12.717745689201518,magma African f...
ZuLead by DAOVOZ,2.4831971925205805,1.491409725237586,POAP Qf,6.180839259403022,ZuLead by DAOVOZ
ZuLead by DAOVOZ,3.438837057424991,2.0653676020570515,POAP Pairwise,6.180839259403022,ZuLead by DAOVOZ
ZuLead by DAOVOZ,3.757177345169491,2.2565629700717666,POAP Cluster Match,6.180839259403022,ZuLead by DAOVOZ
ZuLead by DAOVOZ,3.0615917761639286,1.8387938595579152,Pairwise,6.180839259403022,ZuLead by DAOVOZ
ZuLead by DAOVOZ,2.3386490536715896,1.404594026229183,Qf,6.180839259403022,ZuLead by DAOVOZ
ZuLead by DAOVOZ,3.3657325241145784,2.0214609754441915,Cluster Match,6.180839259403022,ZuLead by DAOVOZ
Moos: A Berlin hub for reimagining our cities,3.110317144261119,1.8680583449015729,POAP Cluster Match,5.294705452766557,Moos: A Berlin ...
Moos: A Berlin hub for reimagining our cities,2.1936054082865537,1.31748072569763,Pairwise,5.294705452766557,Moos: A Berlin ...
Moos: A Berlin hub for reimagining our cities,3.3957867365378425,2.039511553476182,Cluster Match,5.294705452766557,Moos: A Berlin ...
Moos: A Berlin hub for reimagining our cities,1.6859145603343653,1.0125612974981173,Qf,5.294705452766557,Moos: A Berlin ...
Moos: A Berlin hub for reimagining our cities,1.2863663547085036,0.7725924052303325,POAP Pairwise,5.294705452766557,Moos: A Berlin ...
Moos: A Berlin hub for reimagining our cities,1.7751787704893742,1.066173435729354,POAP Qf,5.294705452766557,Moos: A Berlin ...
Signature Singularity residency,1.0582011126843525,0.6355562238344459,POAP Pairwise,-8.004145372980354,Signature Singu...
Signature Singularity residency,3.4783987807808465,2.0891283968653735,Pairwise,-8.004145372980354,Signature Singu...
Signature Singularity residency,2.64976950878293,1.5914531584281861,Cluster Match,-8.004145372980354,Signature Singu...
Signature Singularity residency,2.2771548670899575,1.3676605808348092,POAP Qf,-8.004145372980354,Signature Singu...
Signature Singularity residency,1.3480962241962025,0.8096674019196411,POAP Cluster Match,-8.004145372980354,Signature Singu...
Signature Singularity residency,2.4752798659485964,1.4866545741433013,Qf,-8.004145372980354,Signature Singu...
Builder Monastery 🛠️,4.3847720673099,2.633496737123063,POAP Cluster Match,-9.344219219213379,Builder Monastery 🛠️
Builder Monastery 🛠️,2.191001082408109,1.3159165660108765,POAP Pairwise,-9.344219219213379,Builder Monastery 🛠️
Builder Monastery 🛠️,3.3377794988235516,2.0046723716657966,Qf,-9.344219219213379,Builder Monastery 🛠️
Builder Monastery 🛠️,3.0258900653995173,1.8173513906303407,POAP Qf,-9.344219219213379,Builder Monastery 🛠️
Builder Monastery 🛠️,5.0392155964019025,3.0265559137548963,Pairwise,-9.344219219213379,Builder Monastery 🛠️
Builder Monastery 🛠️,4.150522416052845,2.4928062558875945,Cluster Match,-9.344219219213379,Builder Monastery 🛠️
The Archipelago in Thailand Scouting,6.130497262160955,3.6819803376342075,Cluster Match,-35.178277108005055,The Archipelago...
The Archipelago in Thailand Scouting,1.5481906863171349,0.9298442560463271,POAP Pairwise,-35.178277108005055,The Archipelago...
The Archipelago in Thailand Scouting,3.056971089694465,1.8360186724891683,Qf,-35.178277108005055,The Archipelago...
The Archipelago in Thailand Scouting,1.9815813286501442,1.1901389361262127,POAP Qf,-35.178277108005055,The Archipelago...
The Archipelago in Thailand Scouting,5.10305187605023,3.06489602165179,POAP Cluster Match,-35.178277108005055,The Archipelago...
The Archipelago in Thailand Scouting,4.530251771835505,2.720871935036339,Pairwise,-35.178277108005055,The Archipelago...
Vitalia,7.342375046969367,4.409834863044665,Cluster Match,-38.10522741298214,Vitalia
Vitalia,5.1158296285986875,3.072570347506719,POAP Cluster Match,-38.10522741298214,Vitalia
Vitalia,7.1598466149195845,4.300208177128879,POAP Qf,-38.10522741298214,Vitalia
Vitalia,11.567772714333115,6.947611239839708,Qf,-38.10522741298214,Vitalia
Vitalia,14.584349875435228,8.759369294555693,POAP Pairwise,-38.10522741298214,Vitalia
Vitalia,19.372214887213886,11.634963896224555,Pairwise,-38.10522741298214,Vitalia
Akiya Collective,4.351134096982536,2.613293751941463,Cluster Match,-43.07612450422299,Akiya Collective
Akiya Collective,6.042132435075612,3.6289083694147815,POAP Cluster Match,-43.07612450422299,Akiya Collective
Akiya Collective,3.1524615151177584,1.8933702793500051,Qf,-43.07612450422299,Akiya Collective
Akiya Collective,1.3995430022592312,0.840566367723262,POAP Pairwise,-43.07612450422299,Akiya Collective
Akiya Collective,4.946857110562802,2.9710853516893705,Pairwise,-43.07612450422299,Akiya Collective
Akiya Collective,1.7945032679179183,1.0777797404912421,POAP Qf,-43.07612450422299,Akiya Collective
Digitalia: a Zu-Village in Italy,4.227294848648756,2.5389158250142683,POAP Cluster Match,-43.177382692179926,Digitalia: a Zu...
Digitalia: a Zu-Village in Italy,5.461283671287706,3.2800502530256495,Pairwise,-43.177382692179926,Digitalia: a Zu...
Digitalia: a Zu-Village in Italy,5.123760311738325,3.0773335205635584,Cluster Match,-43.177382692179926,Digitalia: a Zu...
Digitalia: a Zu-Village in Italy,1.8891842053733516,1.1346451683924035,POAP Qf,-43.177382692179926,Digitalia: a Zu...
Digitalia: a Zu-Village in Italy,2.3735333437652137,1.425545551810939,POAP Pairwise,-43.177382692179926,Digitalia: a Zu...
Digitalia: a Zu-Village in Italy,3.324704659659099,1.9968196154108702,Qf,-43.177382692179926,Digitalia: a Zu...
ZuBerlin,4.809864250531988,2.8888073576768694,Cluster Match,-43.7932926518013,ZuBerlin
ZuBerlin,2.5340344617957196,1.5219426196971289,POAP Pairwise,-43.7932926518013,ZuBerlin
ZuBerlin,1.9859919291964685,1.1927879454633445,POAP Qf,-43.7932926518013,ZuBerlin
ZuBerlin,3.5940009639903203,2.158559137531724,Pairwise,-43.7932926518013,ZuBerlin
ZuBerlin,3.533371768058417,2.1221452060410915,Qf,-43.7932926518013,ZuBerlin
ZuBerlin,3.178033586832842,1.9087288809806857,POAP Cluster Match,-43.7932926518013,ZuBerlin
Zuafrique Builders Program,2.017466023527465,1.211691305421901,Qf,-45.96598531906513,Zuafrique Build...
Zuafrique Builders Program,2.3605377182909635,1.417740371345924,POAP Cluster Match,-45.96598531906513,Zuafrique Build...
Zuafrique Builders Program,4.325750153273946,2.598048140104472,Cluster Match,-45.96598531906513,Zuafrique Build...
Zuafrique Builders Program,1.2383043269449916,0.7437263224894844,POAP Pairwise,-45.96598531906513,Zuafrique Build...
Zuafrique Builders Program,2.1376655580388384,1.2838832180413444,Pairwise,-45.96598531906513,Zuafrique Build...
Zuafrique Builders Program,1.0901178873357034,0.6547254578592813,POAP Qf,-45.96598531906513,Zuafrique Build...
BYOC,2.073698533317445,1.245464584575042,Pairwise,-50.0497156627653,BYOC
BYOC,0.4311421171425392,0.25894421450002353,POAP Pairwise,-50.0497156627653,BYOC
BYOC,0.7885059385109754,0.47357714024683206,POAP Qf,-50.0497156627653,BYOC
BYOC,0.1993285089660862,0.11971682220185356,POAP Cluster Match,-50.0497156627653,BYOC
BYOC,1.5785814815136003,0.9480969858940542,Qf,-50.0497156627653,BYOC
BYOC,2.0785934339374657,1.2484044648273067,Cluster Match,-50.0497156627653,BYOC
MetaCamp IV,3.655600196777832,2.1955556737404396,POAP Qf,-52.30222811282174,MetaCamp IV
MetaCamp IV,7.675160893294598,4.609706242218977,POAP Cluster Match,-52.30222811282174,MetaCamp IV
MetaCamp IV,7.664090065725903,4.603057096532074,Qf,-52.30222811282174,MetaCamp IV
MetaCamp IV,8.43199132032747,5.0642590512477295,Cluster Match,-52.30222811282174,MetaCamp IV
MetaCamp IV,7.759645797800762,4.660447926607064,Pairwise,-52.30222811282174,MetaCamp IV
MetaCamp IV,3.3031675963903067,1.9838844422764605,POAP Pairwise,-52.30222811282174,MetaCamp IV
xBound Residency,2.412097548203683,1.4487072361583684,POAP Cluster Match,-68.78985439474748,xBound Residency
xBound Residency,2.152065681336772,1.292531940742806,Pairwise,-68.78985439474748,xBound Residency
xBound Residency,0.43341145256787894,0.2603071787194468,POAP Pairwise,-68.78985439474748,xBound Residency
xBound Residency,3.764781098334172,2.2611297887892925,Cluster Match,-68.78985439474748,xBound Residency
xBound Residency,2.0086389527981194,1.206389761440312,Qf,-68.78985439474748,xBound Residency
xBound Residency,0.6268991418521126,0.3765160011123799,POAP Qf,-68.78985439474748,xBound Residency
Ayllu,1.7350007763515234,1.0420425083192333,POAP Cluster Match,-72.12638484663177,Ayllu
Ayllu,0.54687536611145,0.32845367334021025,POAP Qf,-72.12638484663177,Ayllu
Ayllu,3.1506357412724264,1.8922737184819378,Pairwise,-72.12638484663177,Ayllu
Ayllu,3.547581781300111,2.1306797485285953,Cluster Match,-72.12638484663177,Ayllu
Ayllu,1.9619821939220745,1.178367684037282,Qf,-72.12638484663177,Ayllu
Ayllu,0.3166979167402931,0.19020895900317902,POAP Pairwise,-72.12638484663177,Ayllu
H.E.R. DAO Tech City,0.746818180320076,0.4485394476396853,POAP Pairwise,-77.30761440686119,H.E.R. DAO Tech City
H.E.R. DAO Tech City,2.3979627524316247,1.4402178693283032,POAP Cluster Match,-77.30761440686119,H.E.R. DAO Tech City
H.E.R. DAO Tech City,4.178675835653465,2.509715216608688,Pairwise,-77.30761440686119,H.E.R. DAO Tech City
H.E.R. DAO Tech City,0.7017287115514125,0.42145868561646394,POAP Qf,-77.30761440686119,H.E.R. DAO Tech City
H.E.R. DAO Tech City,4.777898280959407,2.8696085771527975,Cluster Match,-77.30761440686119,H.E.R. DAO Tech City
H.E.R. DAO Tech City,3.092353197821497,1.857269187880779,Qf,-77.30761440686119,H.E.R. DAO Tech City
Proof of Retreat,2.890652528177586,1.7361276445511025,Cluster Match,-80.3838202534753,Proof of Retreat
Proof of Retreat,0.993719734273354,0.5968286692332456,POAP Cluster Match,-80.3838202534753,Proof of Retreat
Proof of Retreat,2.3788231416428456,1.4287226075933006,Qf,-80.3838202534753,Proof of Retreat
Proof of Retreat,0.4666342233165864,0.2802607947847366,POAP Qf,-80.3838202534753,Proof of Retreat
Proof of Retreat,0.5593846085123801,0.33596673183926734,POAP Pairwise,-80.3838202534753,Proof of Retreat
Proof of Retreat,3.9505183898300498,2.3726837176156454,Pairwise,-80.3838202534753,Proof of Retreat
Masterminding Eden - Visionary Village,0.41417180121258873,0.24875183256011335,POAP Pairwise,-86.22688758892559,Masterminding E...
Masterminding Eden - Visionary Village,2.9724272133657825,1.7852415695890584,Qf,-86.22688758892559,Masterminding E...
Masterminding Eden - Visionary Village,0.40939574143423596,0.24588332818873032,POAP Qf,-86.22688758892559,Masterminding E...
Masterminding Eden - Visionary Village,4.677306673949983,2.809193197567557,Pairwise,-86.22688758892559,Masterminding E...
Masterminding Eden - Visionary Village,1.1149170093598746,0.6696198254413661,POAP Cluster Match,-86.22688758892559,Masterminding E...
Masterminding Eden - Visionary Village,3.318758432992392,1.9932483081035388,Cluster Match,-86.22688758892559,Masterminding E...
Small brain crypto hackerhouse,2.428643032343873,1.458644463870194,Pairwise,-86.66802277811314,Small brain cry...
Small brain crypto hackerhouse,0.14989721150328716,0.09002835525722953,POAP Pairwise,-86.66802277811314,Small brain cry...
Small brain crypto hackerhouse,1.323040610447917,0.7946189852540043,Qf,-86.66802277811314,Small brain cry...
Small brain crypto hackerhouse,0.5299291854287189,0.31827578704427567,POAP Cluster Match,-86.66802277811314,Small brain cry...
Small brain crypto hackerhouse,0.1763874728212291,0.10593842211485231,POAP Qf,-86.66802277811314,Small brain cry...
Small brain crypto hackerhouse,1.726128191902401,1.0367136287702108,Cluster Match,-86.66802277811314,Small brain cry...
Antalpha HackerHouse,0.8429461943076679,0.506273990575176,POAP Pairwise,-88.49184082538554,Antalpha HackerHouse
Antalpha HackerHouse,2.802765946090277,1.683342910564731,Qf,-88.49184082538554,Antalpha HackerHouse
Antalpha HackerHouse,0.5374829902116038,0.32281260673369605,POAP Cluster Match,-88.49184082538554,Antalpha HackerHouse
Antalpha HackerHouse,0.32254676636795787,0.19372178160237707,POAP Qf,-88.49184082538554,Antalpha HackerHouse
Antalpha HackerHouse,3.4124452345556673,2.0495166573907913,Cluster Match,-88.49184082538554,Antalpha HackerHouse
Antalpha HackerHouse,4.23471449990974,2.5433720720178616,Pairwise,-88.49184082538554,Antalpha HackerHouse
JUJALU,0.1563707455380249,0.09391636368650146,POAP Cluster Match,-92.39186418013124,JUJALU
JUJALU,1.4810484473029228,0.8895185869687225,Qf,-92.39186418013124,JUJALU
JUJALU,1.9551156646757981,1.1742436424479268,Cluster Match,-92.39186418013124,JUJALU
JUJALU,0.11268017742886383,0.06767578223955785,POAP Qf,-92.39186418013124,JUJALU
JUJALU,0.10024387033055297,0.060206528727058846,POAP Pairwise,-92.39186418013124,JUJALU
JUJALU,2.4742266079985,1.486021986785886,Pairwise,-92.39186418013124,JUJALU
Yanomami + ZuFloripa,0.21670512372731496,0.13015322746385283,POAP Pairwise,-93.89382701273583,Yanomami + ZuFloripa
Yanomami + ZuFloripa,3.8791398594033466,2.3298137293713794,Pairwise,-93.89382701273583,Yanomami + ZuFloripa
Yanomami + ZuFloripa,2.2561584842145703,1.3550501406694118,Qf,-93.89382701273583,Yanomami + ZuFloripa
Yanomami + ZuFloripa,3.0456738198683064,1.8292335254464303,Cluster Match,-93.89382701273583,Yanomami + ZuFloripa
Yanomami + ZuFloripa,0.13776493991297886,0.08274170565344076,POAP Qf,-93.89382701273583,Yanomami + ZuFloripa
Yanomami + ZuFloripa,0.2096950601392056,0.12594297906258595,POAP Cluster Match,-93.89382701273583,Yanomami + ZuFloripa
"PUPALU: A Zuzalu in the pristine paradise, Palau",1.463568254060604,0.8790199724087712,Cluster Match,-93.93718676604067,PUPALU: A Zuzal...
"PUPALU: A Zuzalu in the pristine paradise, Palau",0.13241922330620834,0.07953106504877377,POAP Cluster Match,-93.93718676604067,PUPALU: A Zuzal...
"PUPALU: A Zuzalu in the pristine paradise, Palau",1.2822319969088607,0.7701093074527692,Pairwise,-93.93718676604067,PUPALU: A Zuzal...
"PUPALU: A Zuzalu in the pristine paradise, Palau",0.8702770121338012,0.5226888961764572,Qf,-93.93718676604067,PUPALU: A Zuzal...
"PUPALU: A Zuzalu in the pristine paradise, Palau",0.052433439899916987,0.03149155549544564,POAP Pairwise,-93.93718676604067,PUPALU: A Zuzal...
"PUPALU: A Zuzalu in the pristine paradise, Palau",0.05276326986375394,0.03168965156982219,POAP Qf,-93.93718676604067,PUPALU: A Zuzal...
Zozalu,0.004001488788298853,0.002403296569548861,POAP Cluster Match,-96.27658157893744,Zozalu
Zozalu,0.19405967494061271,0.11655235732168931,POAP Qf,-96.27658157893744,Zozalu
Zozalu,0.16911311065328988,0.10156943582780172,POAP Pairwise,-96.27658157893744,Zozalu
Zozalu,6.049782560329268,3.6335030392367975,Pairwise,-96.27658157893744,Zozalu
Zozalu,5.211868584064034,3.130251401840261,Qf,-96.27658157893744,Zozalu
Zozalu,2.265489236623574,1.3606541961703147,Cluster Match,-96.27658157893744,Zozalu
web3village,4.193014589683647,2.518327080891079,Pairwise,-98.58718885292275,web3village
web3village,2.2586102634659344,1.356522680760321,Cluster Match,-98.58718885292275,web3village
web3village,0.04003067726560202,0.02404244880816938,POAP Pairwise,-98.58718885292275,web3village
web3village,0.02750134928998821,0.016517326900893817,POAP Qf,-98.58718885292275,web3village
web3village,0.013079736114955085,0.00785569736633939,POAP Cluster Match,-98.58718885292275,web3village
web3village,1.9465693873439236,1.1691107431495036,Qf,-98.58718885292275,web3village
